sort,ind_ID,trait_pet3,grand_pare13,grand_pare23,parent3,sex,city_YN,age,salary,region,reason1,reason2,reason3,reason4,reason5,replace1,replace2,replace3
1,a1,2,2,2,2,Female,Urban_area,21,5000,chongqing,Yes,No,Yes,Yes,Yes,NA,Yes,NA
2,a2,1,1,1,1,Female,Urban_area,22,8000,hunan,No,No,Yes,Yes,No,NA,Yes,NA
3,a3,2,NA,2,0,Female,Urban_area,22,5000,fujian,Yes,No,Yes,No,No,Yes,Yes,NA
4,a4,0,0,0,0,Female,Urban_area,19,1500,guangdong,NA,NA,NA,NA,NA,No,No,NA
5,a5,2,0,0,2,Male,Urban_area,33,7000,shandong,No,No,Yes,No,No,No,No,NA
6,a6,1,2,2,1,Female,Urban_area,20,5000,guangxi,No,No,Yes,No,No,NA,No,NA
7,a7,0,2,2,2,Female,Rural_area,23,3000,jiangxi,No,No,Yes,No,No,NA,Yes,NA
8,a8,1,NA,NA,1,Male,Rural_area,19,4300,shandong,No,No,Yes,Yes,No,NA,Yes,NA
9,a9,2,2,2,2,Female,Rural_area,22,1000,henan,No,No,Yes,Yes,No,NA,Yes,NA
10,a10,1,1,1,1,Male,Urban_area,NA,NA,sichuan,Yes,No,Yes,No,No,Yes,NA,NA
11,a11,2,2,2,2,Male,Rural_area,23,4000,guangxi,No,No,Yes,Yes,No,NA,No,NA
12,a12,1,1,1,1,Female,Rural_area,28,2000,liaoning,No,No,Yes,Yes,Yes,NA,Yes,NA
13,a13,1,1,1,1,Male,Urban_area,23,5000,jiangxi,No,No,Yes,Yes,No,NA,Yes,NA
14,a14,2,2,2,2,Female,Urban_area,26,10000,fujian,No,No,Yes,Yes,No,NA,Yes,NA
15,a15,0,2,0,0,Male,Urban_area,49,7000,fujian,No,No,Yes,No,No,Yes,NA,NA
16,a16,2,2,2,2,Male,Urban_area,43,6000,jiangsu,No,No,No,Yes,Yes,Yes,NA,Yes
17,a17,0,2,2,2,Female,Urban_area,21,10000,zhejiang,No,No,Yes,No,No,NA,Yes,NA
18,a18,2,1,2,2,Female,Urban_area,19,NA,shanxi,No,No,No,No,No,NA,No,NA
19,a19,1,2,1,1,Female,Rural_area,24,1000,fujian,Yes,No,Yes,No,Yes,NA,NA,NA
20,a20,1,1,1,0,Male,Urban_area,28,8000,beijing,No,No,Yes,No,No,No,Yes,NA
21,a21,2,2,1,1,Female,Urban_area,21,2000,henan,No,No,Yes,No,No,Yes,Yes,NA
22,a22,0,2,1,0,Male,Urban_area,28,12000,shanxi,NA,NA,NA,NA,NA,Yes,No,NA
23,a23,1,1,1,0,Female,Urban_area,36,10000,sichuan,No,No,No,Yes,No,No,NA,NA
24,a24,1,1,1,1,Female,Urban_area,26,7000,shandong,No,No,No,No,No,No,NA,NA
25,a25,0,1,1,0,Female,Urban_area,23,0,jiangxi,NA,NA,NA,NA,NA,NA,No,NA
26,a26,1,1,0,1,Male,Urban_area,35,20000,henan,Yes,Yes,Yes,Yes,Yes,NA,NA,Yes
27,a27,1,2,NA,2,Female,Rural_area,26,3000,henan,No,No,Yes,Yes,No,NA,Yes,NA
28,a28,1,1,1,2,Male,Urban_area,23,6500,zhejiang,No,No,Yes,Yes,Yes,NA,Yes,NA
29,a29,1,1,2,1,Female,Rural_area,22,3000,shandong,Yes,No,Yes,Yes,Yes,NA,Yes,NA
30,a30,2,2,1,1,Female,Urban_area,24,4000,henan,No,No,Yes,Yes,No,No,No,NA
31,a31,2,2,2,2,Male,Rural_area,23,8000,zhejiang,Yes,No,Yes,Yes,No,NA,Yes,NA
32,a32,0,1,1,0,Female,Urban_area,24,3000,hebei,Yes,No,Yes,No,No,Yes,Yes,NA
33,a33,0,NA,NA,1,Male,Urban_area,30,6000,jiangsu,No,No,Yes,No,No,NA,NA,NA
34,a34,2,2,1,2,Female,Rural_area,26,6000,jiangsu,No,No,Yes,Yes,No,NA,Yes,NA
35,a35,1,NA,NA,1,Male,Rural_area,19,3000,jiangxi,No,No,Yes,Yes,No,NA,Yes,NA
36,a36,2,2,2,2,Male,Rural_area,23,3000,guangdong,No,No,No,No,No,NA,Yes,NA
37,a37,1,1,1,0,Male,Rural_area,31,10000,zhejiang,Yes,Yes,Yes,No,No,NA,NA,NA
38,a38,0,0,0,0,Male,Urban_area,20,1000,hubei,NA,NA,NA,NA,NA,Yes,Yes,NA
39,a39,1,2,2,1,Male,Rural_area,20,6000,hebei,Yes,Yes,Yes,Yes,Yes,NA,No,NA
40,a40,1,1,1,1,Female,Rural_area,23,5500,zhejiang,No,No,No,No,No,NA,Yes,NA
41,a41,1,2,2,1,Female,Rural_area,22,4000,hebei,No,No,No,Yes,No,NA,No,NA
42,a42,1,2,NA,1,Male,Urban_area,47,4000,jiangsu,No,No,Yes,Yes,No,NA,NA,NA
43,a43,2,1,0,1,Male,Urban_area,34,30000,beijing,No,No,Yes,No,No,No,No,NA
44,a44,1,1,0,2,Female,Urban_area,25,7000,henan,No,No,Yes,No,No,Yes,Yes,NA
45,a45,1,1,1,1,Male,Rural_area,18,0,guangdong,No,No,Yes,No,No,NA,Yes,NA
46,a46,2,1,NA,2,Female,Urban_area,22,5000,shandong,No,No,Yes,No,No,Yes,Yes,NA
47,a47,0,1,1,0,Female,Urban_area,29,4000,heilongjiang,Yes,No,Yes,No,No,Yes,NA,NA
48,a48,0,1,NA,2,Female,Urban_area,19,1500,zhejiang,Yes,No,Yes,No,No,NA,Yes,NA
49,a49,1,1,1,1,Male,Rural_area,32,5000,shanxi,No,No,Yes,No,No,NA,NA,NA
50,a50,1,1,1,2,Female,Urban_area,23,3000,guangxi,No,No,Yes,No,No,Yes,Yes,NA
51,a51,1,2,1,1,Female,Rural_area,19,1590,yunnan,Yes,No,Yes,No,Yes,NA,No,NA
52,a52,1,1,2,2,Male,Urban_area,35,15000,jiangsu,Yes,No,Yes,No,No,Yes,NA,NA
53,a53,0,2,NA,2,Female,Urban_area,26,3000,guangdong,NA,NA,NA,NA,NA,NA,Yes,NA
54,a54,2,2,2,2,Female,Rural_area,NA,NA,zhejiang,No,No,Yes,No,No,NA,Yes,NA
55,a55,0,1,2,1,Female,Urban_area,"	30","	6000",gansu,NA,NA,NA,NA,NA,No,No,NA
56,a56,1,1,1,1,Male,Rural_area,"	18",0,hebei,No,No,Yes,Yes,No,NA,Yes,NA
57,a57,0,1,1,1,Female,Urban_area,"	20","	0",shandong,No,No,Yes,No,No,NA,No,NA
58,a58,0,2,0,0,Female,Urban_area,"	21",0,shanxi,No,No,Yes,Yes,No,NA,No,NA
59,a59,1,2,1,1,Male,Rural_area,"	32","	12000",sichuan,No,No,Yes,No,Yes,NA,NA,Yes
60,a60,2,2,2,2,Male,Urban_area,"	23","	5000",liaoning,No,No,Yes,No,No,Yes,Yes,NA
61,a61,1,2,2,1,Female,Rural_area,"	20","	4000",hubei,Yes,No,Yes,No,No,NA,Yes,NA
62,a62,2,2,2,2,Female,Rural_area,"	30","	6000",guangdong,No,No,Yes,No,No,No,NA,Yes
63,a63,1,1,1,1,Female,Urban_area,"	21","	2200",jilin,Yes,No,Yes,No,No,NA,No,NA
64,a64,1,2,1,1,Female,Urban_area,"	22","	4500",jiangxi,No,No,Yes,No,No,Yes,Yes,NA
65,a65,1,1,2,0,Male,Rural_area,"	20","	0",qinghai,No,No,Yes,No,No,NA,No,NA
66,a66,1,NA,NA,2,Female,Rural_area,"	20","	6000",henan,Yes,No,Yes,Yes,No,NA,Yes,NA
67,a67,1,2,2,1,Male,Urban_area,"	21","	6000",anhui,Yes,No,Yes,Yes,No,NA,Yes,NA
68,a68,2,2,2,2,Female,Urban_area,"	21","	8000",jiangsu,No,No,Yes,No,Yes,NA,Yes,NA
69,a69,1,0,1,1,Female,Urban_area,"	25","	5600",fujian,No,No,Yes,No,No,NA,No,NA
70,a70,2,2,2,2,Male,Urban_area,"	22","	0",fujian,No,No,Yes,No,No,No,No,NA
71,a71,1,1,1,1,Male,Urban_area,"	24","	5000",shanxi,No,No,Yes,Yes,No,NA,Yes,NA
72,a72,2,2,2,2,Male,Urban_area,"	34","	7000",fujian,No,No,Yes,Yes,No,NA,NA,NA
73,a73,1,1,1,1,Female,Rural_area,"	37","	3800",guangdong,No,No,No,Yes,No,NA,NA,NA
74,a74,1,1,2,1,Male,Urban_area,"	46","	5000",shandong,Yes,No,Yes,Yes,Yes,NA,NA,NA
75,a75,1,1,1,1,Female,Rural_area,"	19","	4000",henan,No,No,Yes,Yes,No,NA,Yes,NA
76,a76,1,0,0,0,Female,Rural_area,"	21","	20000",guangdong,No,No,Yes,No,No,NA,No,NA
77,a77,2,2,1,2,Female,Rural_area,"	18",1000,shandong,No,No,Yes,Yes,No,NA,Yes,NA
78,a78,1,1,1,1,Male,Rural_area,"	40","	5000",heilongjiang,Yes,Yes,Yes,Yes,Yes,NA,NA,Yes
79,a79,1,1,1,1,Female,Urban_area,"	16","	2500",shandong,Yes,No,Yes,Yes,Yes,NA,No,NA
80,a80,0,1,1,1,Male,Rural_area,NA,0,henan,Yes,No,Yes,No,No,NA,No,NA
81,a81,0,1,1,0,Female,Urban_area,"	20","	1500",henan,No,No,Yes,No,No,NA,Yes,NA
82,a82,2,0,0,2,Female,Urban_area,"	26",6000,shanxi,Yes,Yes,Yes,Yes,Yes,NA,NA,Yes
83,a83,0,1,NA,1,Female,Urban_area,"	21",10000,xianggang,Yes,Yes,Yes,No,No,NA,Yes,NA
84,a84,2,2,2,2,Male,Urban_area,"	21",0,sichuan,No,No,Yes,Yes,No,NA,Yes,NA
85,a85,2,2,1,2,Female,Urban_area,"	23","	8000",guangdong,No,No,Yes,Yes,Yes,NA,Yes,NA
86,a86,2,2,2,2,Male,Urban_area,"	26","	3000",henan,Yes,Yes,Yes,Yes,Yes,NA,Yes,NA
87,a87,1,2,2,2,Female,Urban_area,"	32","	8000",beijing,No,No,Yes,Yes,Yes,NA,NA,NA
88,a88,1,2,1,2,Female,Urban_area,"	27","	8600",beijing,No,No,Yes,Yes,Yes,NA,Yes,NA
89,a89,1,1,1,1,Male,Rural_area,"	41","	4000",guangdong,Yes,No,Yes,Yes,No,NA,NA,NA
90,a90,1,0,0,0,Female,Urban_area,"	30",NA,zhejiang,No,No,Yes,No,Yes,NA,NA,NA
91,a91,2,1,NA,1,Male,Urban_area,"	42",5000,guangdong,Yes,Yes,Yes,Yes,Yes,NA,NA,NA
92,a92,1,2,2,1,Female,Urban_area,"	22","	4000",henan,Yes,No,Yes,No,No,NA,No,NA
93,a93,1,2,1,1,Female,Urban_area,"	25","	3000",shandong,No,No,No,No,No,Yes,Yes,NA
94,a94,0,0,1,1,Female,Urban_area,"	22","	5000",guangdong,No,No,Yes,No,No,Yes,Yes,NA
95,a95,1,1,1,1,Female,Urban_area,"	24",NA,guangdong,No,No,Yes,No,No,Yes,Yes,NA
96,a96,0,2,2,0,Female,Urban_area,"	19","	1500",guangdong,No,No,Yes,No,No,NA,Yes,NA
97,a97,1,1,1,0,Male,Urban_area,"	22","	1800",guangxi,No,No,Yes,No,No,NA,Yes,NA
98,a98,2,2,2,2,Female,Urban_area,"	25","	5000",jiangsu,No,No,Yes,No,No,Yes,Yes,NA
99,a99,1,1,1,1,Male,Rural_area,"	24","	8000",fujian,No,No,Yes,No,No,NA,Yes,NA
100,a100,1,0,1,1,Female,Rural_area,"	37","	3000",zhejiang,No,No,Yes,No,No,NA,Yes,NA
101,a101,1,1,1,1,Female,Urban_area,"	21","	1000",shanxi,Yes,No,Yes,Yes,No,NA,Yes,NA
102,a102,1,2,NA,1,Female,Urban_area,"	25","	4000",guangdong,No,No,Yes,Yes,No,NA,Yes,NA
103,a103,1,2,1,1,Female,Urban_area,"	24","	2000",shanxi,Yes,No,Yes,No,Yes,NA,Yes,NA
104,a104,2,2,2,2,Female,Rural_area,"	19","	1500",hebei,Yes,Yes,Yes,Yes,Yes,NA,No,NA
105,a105,2,NA,NA,2,Female,Rural_area,"	20","	0",guangxi,No,No,Yes,Yes,No,NA,No,NA
106,a106,2,2,1,2,Male,Rural_area,"	20","	3000",hebei,No,No,Yes,Yes,No,NA,Yes,NA
107,a107,1,2,2,1,Male,Urban_area,"	23","	18000",chongqing,No,No,Yes,No,No,No,No,NA
108,a108,1,1,1,2,Female,Urban_area,"	25","	10000",shandong,Yes,No,Yes,No,Yes,NA,No,NA
109,a109,2,2,2,1,Female,Rural_area,"	25","	1500",liaoning,No,No,Yes,No,No,Yes,NA,Yes
110,a110,1,2,2,2,Male,Urban_area,"	20","	3500",anhui,Yes,No,Yes,No,No,NA,No,NA
111,a111,0,2,2,0,Female,Rural_area,"	24","	500",guangdong,Yes,No,Yes,No,Yes,NA,Yes,NA
112,a112,1,1,1,1,Male,Urban_area,"	35","	9000",jiangsu,No,No,No,Yes,No,No,NA,NA
113,a113,2,2,2,2,Female,Urban_area,"	19",0,shandong,Yes,No,Yes,No,No,NA,Yes,NA
114,a114,1,1,1,1,Female,Rural_area,"	23","	5000",hebei,Yes,No,Yes,Yes,No,NA,Yes,NA
115,a115,0,2,2,2,Female,Urban_area,"	20","	1500",shandong,NA,NA,NA,NA,NA,NA,Yes,NA
116,a116,1,1,1,1,Female,Urban_area,"	20","	2000",anhui,No,No,Yes,No,No,NA,Yes,NA
117,a117,1,1,0,0,Female,Urban_area,"	22","	3000",sichuan,No,No,Yes,No,No,Yes,No,NA
118,a118,1,1,NA,2,Female,Urban_area,"	21","	5000",guangdong,No,No,No,No,No,Yes,NA,NA
119,a119,2,2,2,2,Female,Urban_area,"	40","	3000",hubei,Yes,No,No,No,No,NA,NA,NA
120,a120,2,2,2,2,Male,Urban_area,"	27","	2000",henan,No,No,Yes,Yes,Yes,Yes,Yes,NA
121,a121,1,1,0,1,Female,Rural_area,"	24","	2000",yunnan,Yes,No,Yes,No,No,NA,Yes,NA
122,a122,1,1,1,1,Male,Rural_area,"	22","	8000",henan,No,No,Yes,No,Yes,NA,Yes,NA
123,a123,2,1,NA,2,Female,Urban_area,"	21","	3000",hebei,No,No,Yes,Yes,No,NA,No,NA
124,a124,1,2,1,1,Female,Urban_area,"	22","	7000",beijing,No,No,Yes,No,No,No,No,NA
125,a125,2,2,2,2,Male,Urban_area,"	32","	80000",henan,No,No,Yes,Yes,Yes,No,NA,NA
126,a126,1,1,NA,1,Female,Urban_area,"	28",3200,hunan,Yes,No,Yes,No,Yes,NA,Yes,NA
127,a127,1,1,1,1,Female,Urban_area,"	22","	2500",hunan,No,No,Yes,Yes,Yes,NA,Yes,NA
128,a128,2,2,2,2,Female,Rural_area,"	20",NA,guangdong,No,No,Yes,Yes,No,NA,Yes,NA
129,a129,0,2,2,1,Female,Urban_area,"	22","	3080",shandong,Yes,No,Yes,Yes,Yes,NA,No,NA
130,a130,1,1,1,1,Female,Urban_area,"	22","	3500",guangxi,No,No,Yes,No,No,Yes,Yes,NA
131,a131,2,1,0,1,Female,Urban_area,"	27","	10000",hubei,Yes,No,Yes,No,No,Yes,NA,No
132,a132,2,0,0,1,Female,Urban_area,"	29","	6000",zhejiang,No,No,Yes,Yes,No,NA,NA,NA
133,a133,0,1,1,0,Male,Rural_area,"	22","	5000",guangdong,NA,NA,NA,NA,NA,NA,No,NA
134,a134,2,2,2,2,Female,Urban_area,"	30","	20000",heilongjiang,No,No,Yes,Yes,No,Yes,Yes,NA
135,a135,1,1,1,1,Female,Urban_area,"	23","	6000",fujian,No,No,Yes,No,No,No,Yes,NA
136,a136,2,2,2,1,Female,Urban_area,"	30","	8000",guangdong,No,No,Yes,Yes,No,NA,NA,NA
137,a137,2,2,2,2,Female,Urban_area,"	27","	4000",guangxi,Yes,No,Yes,Yes,Yes,NA,NA,NA
138,a138,2,2,2,1,Female,Urban_area,"	40","	5000",heilongjiang,No,No,No,No,No,No,NA,NA
139,a139,1,1,1,1,Female,Rural_area,"	20","	20000",hebei,No,No,Yes,Yes,No,NA,Yes,NA
140,a140,1,1,1,0,Female,Urban_area,"	20","	4000",fujian,Yes,No,Yes,No,No,No,No,NA
141,a141,0,1,1,1,Male,Urban_area,"	28","	3000",chongqing,Yes,No,Yes,No,Yes,NA,Yes,NA
142,a142,2,2,2,2,Male,Urban_area,"	22","	2000",guizhou,No,No,Yes,Yes,No,NA,Yes,NA
143,a143,1,NA,NA,0,Male,Urban_area,"	29",4000,chongqing,No,No,No,No,No,NA,NA,NA
144,a144,1,2,2,1,Male,Rural_area,"	38","	3500",henan,No,No,Yes,Yes,No,No,Yes,NA
145,a145,1,1,1,1,Female,Urban_area,"	27","	7000",beijing,No,No,Yes,No,No,NA,Yes,NA
146,a146,2,2,1,2,Female,Urban_area,"	20","	3000",guizhou,No,No,Yes,Yes,No,NA,Yes,NA
147,a147,1,1,2,2,Female,Urban_area,"	25","	5000",jiangsu,No,No,Yes,Yes,No,NA,Yes,NA
148,a148,1,NA,1,2,Male,Urban_area,"	40","	5000",chongqing,No,No,No,No,No,No,NA,NA
149,a149,2,2,2,2,Female,Urban_area,"	24","	5000",xianggang,Yes,No,Yes,No,Yes,NA,Yes,NA
150,a150,1,2,1,1,Female,Urban_area,"	24","	6500",shandong,No,No,Yes,Yes,No,Yes,Yes,NA
151,a151,2,1,1,2,Female,Urban_area,"	29","	5590",zhejiang,No,No,Yes,No,No,No,No,NA
152,a152,2,2,2,2,Female,Rural_area,"	20","	1000",hebei,No,No,Yes,Yes,No,NA,No,NA
153,a153,1,2,1,1,Male,Urban_area,"	35","	8000",hubei,Yes,No,Yes,No,No,NA,NA,Yes
154,a154,2,NA,NA,2,Female,Urban_area,"	21","	3000",heilongjiang,No,No,Yes,Yes,No,NA,Yes,NA
155,a155,1,1,1,1,Male,Rural_area,"	22","	5000",fujian,No,No,No,Yes,No,Yes,Yes,NA
156,a156,1,1,1,1,Male,Urban_area,"	19","	4000",hunan,No,No,Yes,No,No,NA,No,NA
157,a157,2,2,NA,0,Female,Urban_area,"	20","	2000",guangdong,Yes,Yes,Yes,No,Yes,NA,No,NA
158,a158,2,NA,NA,2,Female,Urban_area,"	49","	3000",jiangsu,No,No,Yes,Yes,No,NA,NA,NA
159,a159,0,2,0,1,Female,Urban_area,"	40","	4000",liaoning,NA,NA,NA,NA,NA,NA,NA,NA
160,a160,1,1,1,1,Female,Urban_area,"	35","	7000",fujian,Yes,No,Yes,Yes,Yes,Yes,NA,NA
161,a161,1,NA,NA,1,Female,Urban_area,"	25","	5000",fujian,Yes,No,Yes,No,No,Yes,Yes,NA
162,a162,2,NA,NA,1,Male,Urban_area,"	43",5000,shandong,No,No,No,No,No,Yes,NA,NA
163,a163,1,NA,NA,2,Female,Rural_area,"	15","	0",henan,No,No,Yes,No,No,NA,Yes,NA
164,a164,1,2,0,2,Female,Rural_area,"	33","	3500",henan,No,No,Yes,No,No,Yes,NA,NA
165,a165,1,2,1,0,Female,Urban_area,"	18","	3000",jiangxi,No,No,Yes,No,No,NA,No,NA
166,a166,1,1,1,1,Female,Urban_area,"	32","	8000",fujian,Yes,Yes,Yes,No,No,Yes,NA,NA
167,a167,0,0,0,0,Female,Rural_area,"	23","	1500",jiangxi,No,No,Yes,No,No,NA,Yes,NA
168,a168,1,1,1,1,Male,Urban_area,"	20",5000,jiangsu,No,No,Yes,Yes,No,Yes,Yes,NA
169,a169,1,NA,NA,1,Male,Urban_area,"	29","	3000",liaoning,No,No,Yes,No,Yes,NA,Yes,NA
170,a170,2,1,1,1,Female,Rural_area,"	21","	4000",guangdong,Yes,No,Yes,No,No,NA,Yes,NA
171,a171,0,2,2,2,Female,Urban_area,21,"	5500",anhui,No,No,Yes,No,Yes,Yes,Yes,NA
172,a172,1,1,2,2,Female,Urban_area,"	30","	5000",henan,No,No,Yes,Yes,Yes,NA,NA,NA
173,a173,2,2,2,2,Female,Urban_area,"	23","	1500",liaoning,No,No,Yes,No,No,NA,Yes,NA
174,a174,0,0,0,0,Female,Urban_area,"	20","	1500",hunan,No,No,Yes,No,No,NA,Yes,NA
175,a175,1,2,2,2,Female,Urban_area,"	25","	7560",fujian,No,No,Yes,No,No,NA,Yes,NA
176,a176,1,2,2,2,Male,Rural_area,"	54","	8000",zhejiang,No,No,No,Yes,No,Yes,NA,NA
177,a177,2,2,1,1,Male,Urban_area,"	24","	5000",jiangxi,Yes,No,Yes,No,No,NA,Yes,NA
178,a178,2,2,1,2,Male,Urban_area,"	21","	1500",fujian,No,No,Yes,Yes,No,No,No,NA
179,a179,1,2,1,1,Male,Urban_area,"	29","	11000",anhui,No,No,No,No,No,No,NA,NA
180,a180,1,1,1,1,Female,Urban_area,"	38",0,henan,No,No,No,No,No,Yes,NA,NA
181,a181,0,2,2,2,Female,Urban_area,"	25","	3000",chongqing,Yes,Yes,Yes,Yes,No,Yes,No,NA
182,a182,0,1,2,2,Male,Urban_area,40,200000,guangdong,NA,NA,NA,NA,NA,No,NA,NA
183,a183,1,2,2,1,Female,Urban_area,"	21","	2000",liaoning,Yes,No,Yes,No,No,NA,Yes,NA
184,a184,1,2,2,2,Female,Urban_area,"	28","	10000",anhui,Yes,No,Yes,Yes,No,Yes,Yes,NA
185,a185,1,0,1,0,Male,Rural_area,"	22","	3000",shanxi,Yes,No,Yes,No,Yes,NA,Yes,NA
186,a186,1,1,1,1,Male,Urban_area,"	34","	30000",guangdong,No,No,Yes,Yes,No,NA,NA,NA
187,a187,0,0,0,0,Male,Urban_area,"	50","	2000",zhejiang,NA,NA,NA,NA,NA,No,NA,NA
188,a188,1,1,1,1,Male,Rural_area,"	23","	4800",henan,No,No,Yes,Yes,No,Yes,Yes,NA
189,a189,2,2,0,2,Female,Urban_area,"	46","	4000",hubei,No,No,Yes,Yes,Yes,Yes,NA,NA
190,a190,2,2,2,2,Female,Urban_area,"	23","	5000",guangdong,No,No,Yes,Yes,Yes,Yes,No,NA
191,a191,0,1,0,1,Female,Urban_area,"	19","	2000",guangdong,No,No,Yes,No,Yes,NA,Yes,NA
192,a192,2,0,0,1,Male,Urban_area,"	18","	4000",fujian,Yes,No,Yes,Yes,Yes,NA,Yes,NA
193,a193,1,1,1,1,Female,Urban_area,"	23","	5000",guangdong,No,No,No,No,No,NA,NA,NA
194,a194,2,1,1,1,Female,Rural_area,"	22",2000,anhui,No,No,Yes,No,No,Yes,Yes,NA
195,a195,1,1,1,1,Male,Urban_area,"	43","	7000",anhui,No,No,Yes,Yes,Yes,NA,NA,NA
196,a196,1,1,NA,1,Female,Urban_area,"	23","	5000",jiangxi,Yes,No,Yes,No,No,Yes,Yes,NA
197,a197,1,1,1,1,Male,Rural_area,"	20",8000,sichuan,No,No,Yes,Yes,Yes,NA,Yes,NA
198,a198,1,1,1,1,Male,Urban_area,"	38","	10000",yunnan,Yes,No,Yes,Yes,Yes,NA,NA,NA
199,a199,1,2,NA,1,Female,Urban_area,"	23","	5000",guangdong,No,No,Yes,No,No,No,No,NA
200,a200,0,2,2,1,Female,Urban_area,"	25","	3000",liaoning,Yes,No,Yes,Yes,Yes,Yes,Yes,NA
201,a201,1,1,1,1,Male,Urban_area,"	25","	5000",sichuan,Yes,No,Yes,Yes,No,NA,Yes,NA
202,a202,1,1,1,1,Female,Urban_area,"	25","	5000",guangxi,Yes,No,Yes,No,No,NA,No,NA
203,a203,1,2,2,1,Female,Urban_area,"	19","	2000",henan,No,No,Yes,No,Yes,Yes,Yes,NA
204,a204,0,0,0,1,Female,Urban_area,"	25","	10000",chongqing,NA,NA,NA,NA,NA,NA,Yes,NA
205,a205,1,1,1,1,Male,Rural_area,"	27",0,jilin,No,No,No,No,No,NA,No,NA
206,a206,2,2,NA,2,Female,Urban_area,"	20","	1200",guangxi,No,No,Yes,Yes,No,No,No,NA
207,a207,2,1,2,0,Male,Urban_area,"	30","	10000",fujian,No,No,Yes,No,No,No,NA,Yes
208,a208,1,1,1,1,Male,Rural_area,"	25",0,henan,No,No,No,Yes,No,NA,NA,NA
209,a209,1,2,1,1,Female,Rural_area,"	25","	3000",shandong,Yes,No,Yes,Yes,Yes,NA,Yes,NA
210,a210,1,0,0,1,Female,Urban_area,"	24","	3000",hunan,No,No,No,No,No,No,No,NA
211,a211,1,1,NA,1,Female,Rural_area,"	20","	1500",zhejiang,No,No,Yes,Yes,No,NA,Yes,NA
212,a212,1,2,2,1,Female,Urban_area,"	29","	13000",jiangsu,Yes,No,Yes,No,No,No,No,NA
213,a213,1,0,1,1,Male,Urban_area,"	37",7000,liaoning,No,No,No,No,No,Yes,NA,NA
214,a214,1,1,2,1,Female,Urban_area,"	24","	5000",zhejiang,No,No,Yes,Yes,No,Yes,Yes,NA
215,a215,1,1,1,1,Female,Urban_area,"	20","	2000",hunan,No,No,Yes,No,Yes,NA,Yes,NA
216,a216,0,2,1,0,Male,Urban_area,"	17",NA,jiangxi,No,No,Yes,No,No,NA,Yes,NA
217,a217,1,2,2,2,Male,Urban_area,"	38","	3500",hebei,No,No,No,No,No,Yes,NA,NA
218,a218,1,NA,NA,2,Female,Rural_area,"	21","	2000",hebei,Yes,No,Yes,Yes,Yes,NA,No,NA
219,a219,1,1,1,1,Male,Rural_area,"	18","	3000",henan,No,No,Yes,Yes,Yes,NA,No,NA
220,a220,1,2,1,0,Female,Urban_area,"	20","	10000",henan,Yes,No,Yes,Yes,No,NA,Yes,NA
221,a221,0,0,2,0,Female,Urban_area,"	21","	8000",zhejiang,NA,NA,NA,NA,NA,NA,Yes,NA
222,a222,1,2,1,2,Male,Urban_area,"	37","	60000",beijing,No,No,Yes,No,No,No,NA,NA
223,a223,0,1,1,1,Female,Urban_area,"	22","	4000",shanghai,No,No,Yes,No,No,Yes,No,NA
224,a224,1,2,2,1,Female,Urban_area,NA,NA,hunan,Yes,No,Yes,Yes,Yes,NA,Yes,NA
225,a225,2,2,1,2,Female,Urban_area,"	19","	3000",anhui,No,No,Yes,No,No,NA,No,NA
226,a226,0,NA,1,0,Female,Urban_area,"	17",0,shanxi,No,No,Yes,No,Yes,NA,Yes,NA
227,a227,2,2,2,2,Male,Urban_area,"	35","	5500",guangdong,Yes,Yes,Yes,Yes,Yes,Yes,NA,NA
228,a228,2,2,2,2,Male,Rural_area,"	21",5000,hebei,No,No,Yes,No,No,NA,Yes,NA
229,a229,1,NA,NA,0,Female,Rural_area,"	18",0,shanxi,No,No,No,No,No,NA,No,NA
230,a230,1,2,1,2,Female,Urban_area,"	23","	8000",henan,No,No,Yes,No,Yes,NA,Yes,NA
231,a231,1,2,2,2,Male,Urban_area,"	28","	9000",guangdong,No,No,Yes,No,No,Yes,Yes,NA
232,a232,0,0,0,1,Female,Rural_area,"	28","	5000",guangdong,No,No,Yes,Yes,Yes,NA,Yes,NA
233,a233,1,2,NA,1,Female,Urban_area,"	23","	5000",sichuan,No,No,Yes,Yes,No,NA,Yes,NA
234,a234,2,2,1,2,Female,Urban_area,"	35","	5000",hunan,Yes,No,Yes,Yes,No,Yes,NA,NA
235,a235,1,1,1,1,Female,Urban_area,"	19",0,henan,No,No,Yes,No,No,NA,Yes,NA
236,a236,2,2,2,2,Male,Urban_area,"	45","	5000",jiangxi,No,No,Yes,No,No,Yes,NA,Yes
237,a237,1,1,0,1,Female,Rural_area,"	21","	3000",hunan,Yes,No,Yes,No,No,NA,Yes,NA
238,a238,0,NA,NA,1,Male,Rural_area,"	18","	3000",jiangxi,Yes,No,Yes,Yes,Yes,Yes,Yes,NA
239,a239,1,0,1,1,Female,Urban_area,"	24","	5000",anhui,No,No,Yes,No,No,NA,Yes,NA
240,a240,1,0,0,1,Female,Urban_area,"	25","	5000",hubei,No,No,Yes,No,No,NA,NA,NA
241,a241,0,1,0,0,Female,Urban_area,"	17",0,heilongjiang,No,No,Yes,No,No,NA,No,NA
242,a242,2,2,1,1,Female,Urban_area,"	25","	8000",shandong,No,No,Yes,Yes,No,Yes,NA,Yes
243,a243,1,2,2,2,Female,Urban_area,"	27","	4000",hebei,No,No,No,No,No,NA,NA,No
244,a244,1,2,2,1,Female,Urban_area,"	25","	4000",shandong,No,No,No,No,No,NA,No,NA
245,a245,2,2,1,1,Female,Urban_area,"	24","	4000",hebei,Yes,No,Yes,Yes,Yes,NA,Yes,NA
246,a246,1,1,1,1,Male,Urban_area,"	23","	1600",jiangsu,No,No,Yes,Yes,No,NA,Yes,NA
247,a247,2,2,2,2,Female,Urban_area,"	22","	2000",jiangxi,Yes,No,Yes,Yes,Yes,NA,Yes,NA
248,a248,1,1,1,1,Male,Urban_area,"	38","	20000",anhui,Yes,No,Yes,Yes,Yes,NA,NA,NA
249,a249,1,0,2,2,Female,Urban_area,"	36","	5000",fujian,No,No,Yes,No,No,No,NA,NA
250,a250,1,1,1,1,Male,Rural_area,"	22","	5000",jiangxi,No,No,Yes,Yes,Yes,NA,Yes,NA
251,a251,1,1,1,1,Male,Urban_area,"	34","	8000",jiangxi,No,No,Yes,Yes,No,NA,NA,NA
252,a252,1,2,1,1,Female,Urban_area,"	45","	4000",tianjin,No,No,Yes,Yes,Yes,Yes,NA,NA
253,a253,1,2,1,1,Female,Urban_area,"	38","	6000",guangdong,No,No,No,No,No,No,NA,NA
254,a254,1,1,1,1,Female,Urban_area,"	20","	20000",hebei,Yes,Yes,Yes,No,No,NA,No,NA
255,a255,1,1,1,0,Male,Urban_area,"	31","	5000",jiangxi,No,Yes,Yes,No,No,No,No,NA
256,a256,0,2,1,1,Female,Rural_area,"	23","	5000",guangdong,Yes,No,Yes,No,Yes,Yes,Yes,NA
257,a257,1,1,2,1,Female,Urban_area,"	15",0,shanxi,No,No,Yes,No,No,NA,No,NA
258,a258,2,2,2,2,Male,Rural_area,"	22",0,hebei,No,No,Yes,Yes,No,NA,Yes,NA
259,a259,0,2,1,1,Female,Urban_area,"	23","	6000",jiangsu,Yes,No,Yes,No,No,NA,No,NA
260,a260,1,NA,NA,1,Female,Urban_area,"	24",NA,guangdong,No,No,Yes,No,No,NA,No,NA
261,a261,1,0,0,0,Female,Urban_area,"	33","	300",fujian,Yes,No,Yes,No,No,NA,No,NA
262,a262,1,1,1,0,Female,Urban_area,"	20","	6000",fujian,No,No,Yes,No,No,Yes,Yes,NA
263,a263,1,1,NA,1,Female,Rural_area,"	17","	100",guangdong,No,No,Yes,Yes,No,NA,Yes,NA
264,a264,0,0,0,0,Female,Rural_area,"	22","	0",guizhou,NA,NA,NA,NA,NA,NA,Yes,NA
265,a265,2,2,NA,2,Female,Urban_area,"	21","	5000",guangdong,No,No,Yes,No,No,Yes,Yes,NA
266,a266,1,2,2,2,Male,Urban_area,"	22","	2000",shandong,Yes,No,Yes,No,No,Yes,No,NA
267,a267,1,1,NA,1,Female,Urban_area,"	22","	5000",guangdong,No,No,Yes,No,No,NA,No,NA
268,a268,2,1,2,1,Male,Rural_area,"	26",3500,guangxi,No,No,No,Yes,No,NA,No,NA
269,a269,1,1,1,2,Female,Rural_area,"	20","	0",anhui,No,No,Yes,No,No,NA,Yes,NA
270,a270,0,1,1,0,Female,Urban_area,"	30","	4000",jilin,NA,NA,NA,NA,NA,NA,NA,NA
271,a271,0,1,1,1,Female,Rural_area,"	20","	0",guangxi,NA,NA,NA,NA,NA,NA,No,NA
272,a272,1,1,1,1,Female,Rural_area,NA,NA,zhejiang,No,No,Yes,No,No,NA,Yes,NA
273,a273,2,NA,NA,NA,Male,Rural_area,"	18",1000,guangdong,No,No,No,No,No,NA,No,NA
274,a274,1,1,1,2,Female,Rural_area,"	28","	6000",guangdong,No,No,Yes,No,No,NA,Yes,NA
275,a275,0,0,0,1,Male,Urban_area,"	20","	3500",guangdong,No,No,Yes,No,No,Yes,No,NA
276,a276,0,0,0,0,Female,Urban_area,"	22","	4000",guangxi,Yes,No,Yes,No,No,NA,Yes,NA
277,a277,2,2,0,2,Male,Urban_area,"	37","	5000",hebei,No,No,Yes,Yes,Yes,No,NA,NA
278,a278,1,1,1,1,Female,Rural_area,NA,NA,ningxia,No,No,No,No,No,NA,No,NA
279,a279,1,2,2,1,Male,Rural_area,"	32","	500",anhui,Yes,No,Yes,Yes,No,NA,No,NA
280,a280,1,2,2,1,Female,Urban_area,"	20","	4000",zhejiang,No,No,Yes,No,No,NA,Yes,NA
281,a281,1,NA,NA,0,Female,Urban_area,"	21","	3000",guangdong,No,No,No,No,No,NA,Yes,NA
282,a282,1,1,1,0,Male,Urban_area,"	22","	6000",hebei,Yes,No,Yes,No,Yes,NA,Yes,NA
283,a283,1,2,2,1,Female,Urban_area,"	21","	3000",guangxi,No,No,Yes,Yes,No,NA,Yes,NA
284,a284,0,1,1,0,Female,Urban_area,"	24","	3500",anhui,No,No,Yes,No,No,NA,Yes,NA
285,a285,0,0,0,2,Male,Urban_area,"	34","	8000",guangdong,No,No,No,No,No,Yes,NA,NA
286,a286,1,2,2,2,Female,Urban_area,"	21","	4000",sichuan,No,No,Yes,Yes,No,NA,Yes,NA
287,a287,0,2,1,0,Male,Urban_area,"	23","	6000",jiangsu,No,No,Yes,No,No,NA,Yes,NA
288,a288,0,2,2,1,Female,Rural_area,"	22",NA,shanxi,Yes,No,Yes,No,Yes,NA,Yes,NA
289,a289,0,1,0,0,Female,Urban_area,"	24","	5000",liaoning,No,No,Yes,No,No,NA,No,NA
290,a290,1,2,1,1,Female,Urban_area,"	21","	3000",hainan,Yes,No,Yes,Yes,No,NA,Yes,NA
291,a291,0,2,NA,1,Male,Urban_area,"	30",NA,chongqing,No,No,Yes,No,No,Yes,Yes,NA
292,a292,2,2,0,0,Female,Urban_area,"	27","	10000",guangdong,No,No,Yes,No,No,Yes,NA,Yes
293,a293,2,2,2,2,Male,Urban_area,"	25","	7000",shandong,No,No,Yes,Yes,Yes,NA,Yes,NA
294,a294,0,1,1,0,Female,Urban_area,"	22","	3000",shandong,No,No,Yes,No,No,NA,Yes,NA
295,a295,1,1,1,1,Female,Urban_area,"	25","	6000",shandong,No,No,Yes,No,No,Yes,Yes,NA
296,a296,1,2,2,1,Male,Urban_area,"	20","	3000",shandong,Yes,No,Yes,No,Yes,NA,Yes,NA
297,a297,2,2,2,2,Female,Rural_area,"	22","	3000",shanxi,No,No,Yes,Yes,Yes,NA,Yes,NA
298,a298,1,0,0,0,Female,Rural_area,"	25","	10000",zhejiang,No,No,No,Yes,No,NA,Yes,NA
299,a299,2,2,2,2,Female,Urban_area,"	23","	6000",jiangsu,Yes,No,Yes,No,Yes,NA,Yes,NA
300,a300,0,2,2,0,Female,Rural_area,"	20","	3500",sichuan,NA,NA,NA,NA,NA,NA,Yes,NA
301,a301,2,2,2,1,Female,Urban_area,"	20","	5000",hunan,Yes,No,Yes,No,No,Yes,Yes,NA
302,a302,0,1,0,0,Female,Urban_area,"	18","	0",guangdong,Yes,No,Yes,No,No,NA,Yes,NA
303,a303,1,2,0,2,Female,Urban_area,"	29","	1000",guangdong,No,No,No,No,Yes,No,NA,NA
304,a304,1,1,NA,1,Male,Urban_area,"	29",5000,jiangsu,No,No,Yes,No,No,Yes,NA,Yes
305,a305,2,2,1,0,Male,Urban_area,"	30",NA,heilongjiang,Yes,No,Yes,Yes,No,NA,Yes,NA
306,a306,0,NA,NA,0,Female,Urban_area,"	21","	10000",zhejiang,NA,NA,NA,NA,NA,NA,No,NA
307,a307,2,2,2,2,Male,Urban_area,"	35","	5400",guangxi,No,No,Yes,Yes,Yes,NA,NA,Yes
308,a308,1,1,1,1,Male,Rural_area,"	20","	7833",anhui,No,No,Yes,Yes,No,No,No,NA
309,a309,0,2,2,2,Female,Urban_area,"	27","	6000",hainan,No,No,Yes,No,No,Yes,NA,Yes
310,a310,1,1,1,1,Male,Urban_area,"	36","	21000",guangdong,No,No,Yes,Yes,Yes,NA,NA,NA
311,a311,2,2,2,1,Male,Urban_area,"	25","	8000",fujian,Yes,No,Yes,Yes,Yes,Yes,Yes,NA
312,a312,1,2,2,2,Female,Urban_area,"	27","	5000",guangdong,Yes,No,Yes,Yes,No,NA,Yes,NA
313,a313,1,2,2,1,Female,Urban_area,"	23","	10000",sichuan,Yes,No,Yes,No,No,NA,Yes,NA
314,a314,1,1,2,1,Female,Urban_area,"	40","	2000",shanxi,Yes,No,No,No,No,No,NA,NA
315,a315,2,0,0,2,Female,Rural_area,"	19",0,hubei,No,No,Yes,Yes,No,NA,Yes,NA
316,a316,1,1,NA,1,Female,Rural_area,"	19","	0",jiangxi,No,No,Yes,Yes,Yes,Yes,Yes,NA
317,a317,1,2,2,0,Male,Urban_area,"	20","	1500",guangdong,No,No,Yes,No,No,NA,Yes,NA
318,a318,1,2,1,2,Female,Urban_area,"	20","	8000",shanxi,Yes,No,Yes,Yes,No,NA,Yes,NA
319,a319,2,2,2,2,Female,Urban_area,"	25","	10000",heilongjiang,Yes,No,Yes,Yes,No,Yes,NA,Yes
320,a320,2,2,1,1,Female,Urban_area,"	22","	3000",hebei,No,No,Yes,Yes,No,NA,Yes,NA
321,a321,2,0,1,2,Male,Urban_area,"	37","	10000",beijing,No,No,Yes,Yes,No,Yes,NA,Yes
322,a322,2,2,NA,2,Female,Rural_area,"	19","	3000",fujian,No,No,Yes,No,Yes,NA,Yes,NA
323,a323,2,2,2,2,Female,Rural_area,"	23","	1000",henan,No,No,Yes,No,No,NA,Yes,NA
324,a324,1,1,1,1,Female,Rural_area,"	24","	2500",guangdong,No,No,Yes,Yes,No,NA,Yes,NA
325,a325,1,2,2,1,Female,Urban_area,"	24","	5500",jiangsu,No,No,No,No,No,Yes,Yes,NA
326,a326,2,1,1,1,Female,Urban_area,"	30","	10000",beijing,No,No,Yes,No,No,Yes,Yes,NA
327,a327,1,1,1,1,Male,Urban_area,"	21","	5000",henan,Yes,No,Yes,Yes,No,NA,Yes,NA
328,a328,2,2,1,1,Male,Urban_area,"	20","	1500",guizhou,No,No,Yes,No,No,NA,Yes,NA
329,a329,0,2,1,1,Female,Urban_area,"	27",4500,guangdong,Yes,No,Yes,Yes,No,Yes,Yes,NA
330,a330,2,2,NA,0,Male,Rural_area,"	19","	0",guangxi,No,No,Yes,No,No,No,No,NA
331,a331,1,2,2,1,Female,Urban_area,"	27","	4000",fujian,No,No,Yes,Yes,Yes,NA,No,NA
332,a332,1,1,1,1,Female,Rural_area,"	20","	3000",guangdong,No,No,No,Yes,No,NA,No,NA
333,a333,2,2,2,2,Male,Urban_area,"	30","	11000",guangdong,Yes,No,Yes,Yes,Yes,NA,NA,Yes
334,a334,2,2,2,1,Male,Rural_area,"	17",0,sichuan,No,No,Yes,No,No,NA,No,NA
335,a335,2,2,2,2,Female,Urban_area,"	22",3000,shandong,No,No,Yes,No,No,NA,Yes,NA
336,a336,1,1,1,0,Female,Urban_area,"	20",4500,fujian,No,No,Yes,No,No,NA,Yes,NA
337,a337,1,1,1,1,Male,Urban_area,"	19","	5000",guangdong,Yes,No,Yes,No,No,No,No,NA
338,a338,1,1,1,1,Female,Urban_area,"	24","	6000",hebei,No,No,Yes,No,No,NA,Yes,NA
339,a339,1,1,0,1,Male,Urban_area,"	20","	3000",chongqing,No,No,Yes,No,No,Yes,Yes,NA
340,a340,2,2,2,2,Female,Urban_area,"	23","	5000",guangdong,No,No,No,Yes,No,NA,NA,Yes
341,a341,1,1,1,1,Male,Urban_area,"	21",8000,sichuan,Yes,Yes,No,No,No,NA,No,NA
342,a342,1,1,1,0,Female,Urban_area,"	40","	4000",hunan,No,No,No,No,No,No,NA,NA
343,a343,2,2,2,2,Female,Urban_area,"	25","	5000",henan,No,No,Yes,Yes,Yes,NA,Yes,NA
344,a344,1,NA,NA,0,Female,Urban_area,"	34","	15000",guangdong,Yes,No,Yes,No,No,Yes,No,NA
345,a345,2,2,2,2,Male,Rural_area,"	17","	3000",sichuan,Yes,No,No,No,No,No,No,NA
346,a346,2,2,1,1,Female,Rural_area,"	24","	3000",shaanxi,Yes,No,Yes,Yes,No,NA,NA,NA
347,a347,1,2,1,1,Female,Urban_area,"	19","	2000",heilongjiang,Yes,No,Yes,No,No,NA,Yes,NA
348,a348,2,2,0,2,Female,Rural_area,"	20","	1000",jiangxi,No,No,Yes,Yes,No,NA,Yes,NA
349,a349,1,2,2,1,Female,Urban_area,"	19","	3000",guangxi,Yes,No,Yes,No,No,NA,Yes,NA
350,a350,1,2,2,1,Female,Urban_area,"	20",30000,shandong,Yes,No,Yes,Yes,No,No,NA,Yes
351,a351,2,2,2,0,Female,Urban_area,"	19","	2000",zhejiang,No,No,Yes,No,Yes,NA,Yes,NA
352,a352,0,NA,NA,NA,Male,Rural_area,"	25","	3000",heilongjiang,NA,NA,NA,NA,NA,No,No,NA
353,a353,1,2,NA,2,Male,Rural_area,"	18",NA,sichuan,No,No,No,Yes,No,NA,Yes,NA
354,a354,2,NA,NA,2,Female,Rural_area,"	19","	4000",jiangxi,Yes,No,Yes,Yes,Yes,NA,Yes,NA
355,a355,0,0,2,0,Male,Rural_area,"	20","	1500",hunan,No,No,Yes,No,No,NA,Yes,NA
356,a356,1,2,2,2,Female,Urban_area,"	20","	6000",anhui,No,No,Yes,No,No,Yes,Yes,NA
357,a357,2,2,2,0,Male,Urban_area,"	34","	10000",sichuan,No,No,No,Yes,No,No,NA,NA
358,a358,2,1,NA,1,Male,Rural_area,"	19",NA,henan,Yes,No,Yes,Yes,No,NA,No,NA
359,a359,1,1,2,1,Male,Urban_area,"	13","	0",xinjiang,No,No,Yes,No,Yes,NA,No,NA
360,a360,1,2,2,1,Female,Urban_area,"	23","	5000",hubei,Yes,No,Yes,Yes,No,No,No,NA
361,a361,1,1,1,1,Male,Urban_area,"	17","	5000",guangdong,No,No,Yes,Yes,No,NA,Yes,NA
362,a362,2,2,2,1,Male,Rural_area,"	28","	3000",hebei,Yes,No,No,No,No,NA,NA,NA
363,a363,2,2,2,2,Male,Rural_area,"	18","	3000",henan,Yes,No,Yes,Yes,No,NA,Yes,NA
364,a364,1,2,0,0,Male,Urban_area,"	22",10000,chongqing,No,No,Yes,No,No,No,No,NA
365,a365,1,1,1,1,Male,Urban_area,"	22","	5000",jiangsu,No,No,Yes,Yes,No,No,No,NA
366,a366,1,1,1,1,Male,Rural_area,"	20","	2000",guangdong,Yes,No,Yes,Yes,No,NA,Yes,NA
367,a367,0,2,2,2,Female,Urban_area,"	22","	5000",heilongjiang,NA,NA,NA,NA,NA,NA,Yes,NA
368,a368,2,2,2,2,Male,Rural_area,"	18","	5500",guangxi,No,No,Yes,Yes,No,Yes,Yes,NA
369,a369,2,2,2,2,Female,Urban_area,"	20","	2000",jiangsu,No,No,Yes,No,No,NA,Yes,NA
370,a370,0,1,0,0,Male,Urban_area,"	27","	5000",henan,NA,NA,NA,NA,NA,NA,No,NA
371,a371,1,2,1,2,Female,Rural_area,"	23","	3000",shandong,Yes,No,No,Yes,No,Yes,Yes,NA
372,a372,1,1,0,1,Male,Urban_area,"	23","	10000",guangdong,No,No,Yes,No,No,Yes,Yes,NA
373,a373,2,NA,1,2,Female,Urban_area,"	27","	3000",gansu,Yes,No,Yes,No,No,No,No,NA
374,a374,0,0,0,0,Male,Urban_area,"	21","	1500",hunan,Yes,No,Yes,No,Yes,Yes,Yes,NA
375,a375,1,1,1,1,Male,Urban_area,"	35","	5568",shandong,No,No,Yes,Yes,No,Yes,NA,NA
376,a376,1,2,2,2,Female,Urban_area,"	28",NA,hebei,No,No,No,No,No,No,NA,NA
377,a377,2,2,2,2,Female,Rural_area,"	34","	5000",sichuan,No,No,Yes,Yes,No,NA,NA,Yes
378,a378,0,1,1,1,Male,Urban_area,"	30","	6000",yunnan,NA,NA,NA,NA,NA,Yes,NA,NA
379,a379,1,NA,1,1,Female,Rural_area,"	22",NA,zhejiang,No,No,Yes,No,No,NA,Yes,NA
380,a380,1,1,1,1,Male,Urban_area,"	16","	3000",jiangxi,No,No,Yes,Yes,No,NA,No,NA
381,a381,1,1,2,2,Male,Rural_area,"	24","	8500",gansu,Yes,No,Yes,No,No,NA,Yes,NA
382,a382,2,2,NA,2,Female,Rural_area,"	18","	1200",hunan,No,No,Yes,Yes,Yes,NA,Yes,NA
383,a383,1,0,1,NA,Male,Rural_area,"	18","	200",hunan,No,No,Yes,Yes,Yes,NA,Yes,NA
384,a384,2,1,0,2,Male,Urban_area,"	31","	11000",hebei,Yes,No,No,No,No,NA,NA,NA
385,a385,1,NA,NA,2,Female,Urban_area,"	26","	3580",guangdong,No,No,Yes,No,No,NA,Yes,NA
386,a386,2,2,2,2,Male,Urban_area,"	20",4250,yunnan,No,No,Yes,Yes,No,NA,Yes,NA
387,a387,1,1,1,1,Male,Rural_area,NA,NA,hunan,No,No,Yes,No,Yes,NA,Yes,NA
388,a388,1,1,1,1,Male,Rural_area,"	23","	3000",ningxia,No,No,No,No,No,NA,No,NA
389,a389,0,0,0,0,Female,Rural_area,"	20","	1000",fujian,No,No,Yes,No,No,NA,Yes,NA
390,a390,1,1,NA,1,Female,Urban_area,"	18","	3000",hebei,No,No,Yes,No,No,NA,Yes,NA
391,a391,1,2,2,0,Male,Urban_area,"	21","	2500",sichuan,No,No,No,Yes,No,NA,Yes,NA
392,a392,1,NA,1,1,Female,Rural_area,"	24","	2500",shanxi,Yes,No,Yes,No,No,NA,Yes,NA
393,a393,0,1,1,1,Female,Urban_area,"	19",0,hebei,No,No,Yes,No,No,NA,No,NA
394,a394,1,2,2,2,Female,Urban_area,"	20","	4000",shandong,Yes,Yes,Yes,Yes,Yes,Yes,Yes,NA
395,a395,1,1,2,1,Female,Rural_area,"	20",NA,hebei,No,No,Yes,No,No,NA,Yes,NA
396,a396,0,1,1,1,Female,Rural_area,"	25","	2000",beijing,No,No,No,No,No,NA,Yes,NA
397,a397,1,2,1,2,Male,Urban_area,"	30","	10000",anhui,Yes,No,Yes,Yes,Yes,Yes,NA,NA
398,a398,1,NA,NA,1,Female,Urban_area,"	19","	0",shandong,No,No,Yes,No,No,NA,No,NA
399,a399,0,0,0,0,Female,Urban_area,"	22","	6000",hubei,NA,NA,NA,NA,NA,Yes,Yes,NA
400,a400,1,2,1,1,Female,Urban_area,"	29","	5000",jiangsu,Yes,No,Yes,No,No,Yes,NA,NA
401,a401,1,1,1,1,Female,Urban_area,"	20",5000,guangdong,No,No,Yes,No,No,NA,Yes,NA
402,a402,1,1,1,1,Male,Rural_area,"	22","	5000",fujian,No,Yes,Yes,Yes,Yes,NA,No,NA
403,a403,0,2,2,0,Female,Urban_area,"	25","	5000",jiangxi,No,No,Yes,Yes,Yes,Yes,Yes,NA
404,a404,0,0,NA,0,Female,Urban_area,"	25",10000,fujian,NA,NA,NA,NA,NA,Yes,Yes,NA
405,a405,0,2,2,0,Female,Urban_area,"	20","	1500",shaanxi,Yes,No,Yes,No,Yes,NA,Yes,NA
406,a406,0,2,2,0,Female,Urban_area,NA,NA,hebei,Yes,Yes,Yes,Yes,Yes,NA,Yes,NA
407,a407,1,1,1,1,Female,Urban_area,"	39","	8000",jiangsu,No,No,No,No,No,NA,NA,NA
408,a408,1,2,2,2,Female,Urban_area,"	35","	10000",henan,Yes,Yes,Yes,No,Yes,Yes,NA,NA
409,a409,2,1,1,0,Female,Urban_area,"	25",8000,heilongjiang,No,No,Yes,No,No,Yes,Yes,NA
410,a410,1,1,1,1,Female,Rural_area,"	24","	2000",fujian,No,No,Yes,No,No,NA,Yes,NA
411,a411,1,1,1,1,Female,Urban_area,"	19","	1000",anhui,Yes,Yes,Yes,No,Yes,NA,Yes,NA
412,a412,0,1,1,0,Female,Urban_area,"	21",10000,shandong,No,No,Yes,No,No,Yes,Yes,NA
413,a413,1,2,0,2,Female,Urban_area,"	36","	3000",zhejiang,No,No,Yes,No,No,NA,NA,NA
414,a414,1,1,1,1,Male,Rural_area,NA,NA,guangdong,Yes,Yes,Yes,Yes,Yes,NA,Yes,NA
415,a415,0,1,0,0,Female,Rural_area,"	22","	1500",jilin,No,No,Yes,No,No,NA,No,NA
416,a416,1,1,1,1,Male,Urban_area,"	20","	5000",hunan,No,No,Yes,Yes,No,Yes,Yes,NA
417,a417,1,1,1,1,Female,Urban_area,"	31","	10000",zhejiang,No,No,Yes,No,No,Yes,NA,NA
418,a418,1,NA,2,0,Female,Urban_area,35,4000,henan,No,No,No,No,No,NA,NA,NA
419,a419,2,2,2,2,Female,Urban_area,"	34","	7000",zhejiang,Yes,No,Yes,No,No,Yes,NA,NA
420,a420,0,1,1,1,Male,Urban_area,"	22","	2000",beijing,No,No,Yes,No,No,Yes,Yes,NA
421,a421,1,2,2,1,Female,Urban_area,"	23",NA,guangdong,No,No,Yes,No,No,Yes,No,NA
422,a422,1,1,1,1,Female,Urban_area,"	24","	5000",ningxia,Yes,Yes,Yes,Yes,Yes,NA,NA,NA
423,a423,0,NA,1,1,Female,Urban_area,"	17",NA,jilin,No,No,Yes,No,No,NA,Yes,NA
424,a424,1,1,1,2,Male,Rural_area,"	24","	4000",fujian,No,No,Yes,Yes,Yes,NA,Yes,NA
425,a425,2,2,2,2,Female,Urban_area,"	21","	5000",guangdong,No,No,Yes,No,No,NA,Yes,NA
426,a426,2,2,0,2,Male,Urban_area,"	32","	20000",hebei,No,No,No,No,No,NA,NA,NA
427,a427,1,2,2,0,Female,Urban_area,"	23","	3000",shandong,No,No,Yes,Yes,No,No,Yes,NA
428,a428,1,2,1,2,Male,Urban_area,"	28","	9500",henan,Yes,No,Yes,No,Yes,Yes,NA,Yes
429,a429,1,2,NA,1,Male,Urban_area,"	21","	50000",jiangsu,No,No,Yes,Yes,No,No,No,NA
430,a430,0,2,0,2,Female,Rural_area,NA,"	3200",jiangxi,Yes,No,Yes,No,No,NA,Yes,NA
431,a431,1,1,1,0,Female,Rural_area,"	26","	3500",guangdong,No,No,Yes,Yes,No,NA,Yes,NA
432,a432,0,NA,NA,1,Female,Urban_area,"	21",4000,hunan,No,No,No,No,No,NA,Yes,NA
433,a433,1,2,2,2,Female,Urban_area,"	17","	2000",sichuan,No,Yes,Yes,Yes,Yes,NA,Yes,NA
434,a434,0,2,2,2,Female,Urban_area,"	23","	5000",beijing,Yes,No,Yes,No,Yes,NA,Yes,NA
435,a435,2,1,1,1,Female,Urban_area,"	19","	2000",henan,No,No,Yes,No,No,NA,Yes,NA
436,a436,0,0,1,0,Female,Urban_area,NA,NA,jiangxi,No,No,Yes,No,No,NA,Yes,NA
437,a437,2,2,2,2,Female,Rural_area,"	30",100,guangdong,No,No,No,Yes,No,NA,Yes,NA
438,a438,1,2,1,1,Male,Rural_area,"	21","	4000",hebei,Yes,No,Yes,Yes,Yes,NA,Yes,NA
439,a439,1,0,2,1,Female,Urban_area,"	18","	1000",shandong,No,No,Yes,No,No,NA,Yes,NA
440,a440,1,2,NA,1,Female,Urban_area,"	22","	4000",guangdong,Yes,No,Yes,No,No,NA,Yes,NA
441,a441,2,2,NA,0,Female,Rural_area,"	23","	2000",hebei,No,No,Yes,No,No,Yes,Yes,NA
442,a442,2,2,2,2,Male,Urban_area,"	43","	8000",shandong,Yes,Yes,Yes,Yes,Yes,NA,NA,NA
443,a443,1,1,2,1,Male,Urban_area,"	20","	4500",sichuan,Yes,No,Yes,No,Yes,NA,Yes,NA
444,a444,0,NA,NA,1,Female,Urban_area,NA,NA,guangdong,NA,NA,NA,NA,NA,NA,Yes,NA
445,a445,2,1,1,2,Female,Urban_area,"	22","	8000",anhui,No,No,No,No,No,No,No,NA
446,a446,2,2,2,2,Female,Rural_area,"	19","	8000",gansu,No,No,Yes,No,No,NA,No,NA
447,a447,0,0,0,0,Female,Urban_area,"	18",0,chongqing,No,No,Yes,Yes,No,NA,Yes,NA
448,a448,2,2,2,2,Female,Urban_area,"	22","	3000",sichuan,No,No,No,No,No,No,No,NA
449,a449,0,1,0,1,Male,Urban_area,"	31",8000,shandong,No,No,Yes,No,No,NA,Yes,NA
450,a450,1,NA,1,1,Female,Urban_area,"	22","	5000",shanghai,No,No,Yes,No,No,Yes,Yes,NA
451,a451,1,1,1,1,Male,Urban_area,"	22",500,hebei,No,No,Yes,Yes,Yes,NA,No,NA
452,a452,0,2,2,0,Male,Urban_area,NA,NA,henan,Yes,No,Yes,No,No,NA,Yes,NA
453,a453,0,NA,1,1,Male,Urban_area,"	41","	10000",guangdong,No,No,Yes,Yes,No,NA,NA,NA
454,a454,1,1,1,2,Female,Urban_area,"	22","	3000",jiangxi,Yes,No,Yes,Yes,Yes,Yes,Yes,NA
455,a455,2,NA,2,1,Male,Urban_area,"	25",8000,jiangsu,No,No,Yes,No,No,NA,Yes,NA
456,a456,1,1,1,1,Female,Urban_area,"	23","	20000",zhejiang,Yes,No,Yes,Yes,Yes,NA,Yes,NA
457,a457,1,1,1,1,Male,Urban_area,"	20","	6000",heilongjiang,Yes,Yes,No,No,Yes,NA,Yes,NA
458,a458,1,0,0,0,Female,Urban_area,"	25","	6000",guangdong,No,No,Yes,No,No,Yes,Yes,NA
459,a459,0,1,1,1,Male,Urban_area,"	35","	8000",shandong,Yes,No,Yes,Yes,Yes,Yes,NA,NA
460,a460,1,2,1,0,Female,Urban_area,"	22","	5080",guangxi,No,No,Yes,No,No,Yes,Yes,NA
461,a461,2,2,1,2,Female,Rural_area,"	23","	300",yunnan,No,No,Yes,No,No,NA,No,NA
462,a462,2,2,2,2,Female,Urban_area,"	34","	5000",hubei,No,Yes,Yes,Yes,Yes,NA,NA,NA
463,a463,0,2,2,2,Female,Urban_area,"	20",0,shandong,Yes,No,Yes,No,No,NA,Yes,NA
464,a464,1,2,1,0,Female,Urban_area,"	30","	3500",guangxi,No,No,Yes,No,No,No,No,NA
465,a465,1,2,2,2,Female,Urban_area,"	21","	2000",guizhou,No,No,Yes,No,No,NA,Yes,NA
466,a466,1,1,0,1,Male,Urban_area,"	19","	3000",liaoning,No,No,Yes,Yes,No,NA,Yes,NA
467,a467,2,1,NA,2,Male,Urban_area,"	34","	8000",jiangsu,No,No,Yes,Yes,No,NA,NA,NA
468,a468,2,2,2,2,Male,Rural_area,"	21","	6000",shandong,No,No,Yes,Yes,No,NA,Yes,NA
469,a469,1,1,1,1,Female,Urban_area,"	35",30000,zhejiang,Yes,Yes,Yes,Yes,Yes,Yes,NA,Yes
470,a470,2,2,2,2,Male,Urban_area,"	24",7500,sichuan,No,No,No,No,No,NA,Yes,NA
471,a471,1,1,2,2,Male,Urban_area,"	29","	9000",hubei,No,No,Yes,No,Yes,Yes,Yes,NA
472,a472,1,2,2,2,Female,Urban_area,"	26","	8000",hebei,No,No,No,Yes,No,No,No,NA
473,a473,0,0,0,0,Female,Urban_area,"	26","	3000",henan,Yes,No,Yes,No,No,NA,Yes,NA
474,a474,1,1,1,1,Female,Rural_area,"	20","	100",shanxi,No,No,Yes,Yes,Yes,NA,Yes,NA
475,a475,0,NA,2,0,Female,Rural_area,"	18","	3500",jiangsu,No,No,No,No,Yes,NA,Yes,NA
476,a476,0,NA,NA,1,Female,Urban_area,"	18","	3000",guangxi,No,No,Yes,No,No,NA,Yes,NA
477,a477,1,1,1,1,Male,Urban_area,"	35","	10582",shandong,Yes,No,Yes,No,Yes,Yes,NA,NA
478,a478,0,2,1,2,Male,Urban_area,"	30","	5000",jiangsu,NA,NA,NA,NA,NA,No,NA,NA
479,a479,1,1,1,1,Female,Rural_area,"	23","	4000",anhui,No,No,Yes,No,No,NA,Yes,NA
480,a480,1,2,2,1,Female,Urban_area,"	23","	3500",henan,No,No,Yes,No,No,NA,Yes,NA
481,a481,1,2,1,1,Male,Urban_area,"	31","	12000",fujian,No,No,Yes,Yes,No,NA,NA,NA
482,a482,1,1,1,1,Female,Urban_area,"	32","	10000",shandong,Yes,No,Yes,No,No,NA,Yes,NA
483,a483,1,1,1,1,Female,Rural_area,"	33","	6000",hebei,No,No,No,No,No,Yes,NA,NA
484,a484,1,1,1,2,Female,Urban_area,"	32","	12000",guizhou,Yes,No,Yes,No,No,Yes,NA,NA
485,a485,0,2,2,2,Male,Rural_area,"	45","	8000",fujian,NA,NA,NA,NA,NA,NA,NA,NA
486,a486,1,2,2,1,Female,Urban_area,"	25","	6000",guangdong,No,No,Yes,No,Yes,Yes,NA,Yes
487,a487,2,2,2,2,Male,Urban_area,"	26",10000,shanghai,No,No,Yes,Yes,No,Yes,Yes,NA
488,a488,1,1,0,1,Female,Rural_area,"	21","	2000",liaoning,No,No,Yes,No,No,NA,Yes,NA
489,a489,1,1,1,1,Female,Urban_area,"	59","	3200",hebei,No,No,No,No,Yes,Yes,NA,Yes
490,a490,1,1,1,1,Female,Urban_area,"	31","	15000",shandong,Yes,No,Yes,Yes,No,NA,No,NA
491,a491,1,NA,2,1,Female,Rural_area,"	20","	1000",henan,Yes,No,Yes,Yes,No,NA,Yes,NA
492,a492,1,1,1,0,Female,Urban_area,"	22","	6000",jiangsu,No,No,Yes,No,No,NA,Yes,NA
493,a493,0,2,2,2,Male,Urban_area,"	38","	11000",henan,No,No,No,No,No,Yes,NA,NA
494,a494,2,2,2,2,Female,Urban_area,"	26","	8000",shanghai,No,No,Yes,Yes,No,NA,Yes,NA
495,a495,1,2,0,0,Female,Urban_area,"	24",10000,zhejiang,No,No,Yes,No,No,NA,Yes,NA
496,a496,2,2,2,2,Female,Urban_area,"	25","	6000",guangdong,No,No,Yes,No,No,NA,Yes,NA
497,a497,2,2,2,NA,Male,Urban_area,"	25",1500,zhejiang,No,Yes,Yes,Yes,Yes,NA,Yes,NA
498,a498,1,2,2,2,Male,Urban_area,"	25","	12000",guangdong,No,No,Yes,No,No,Yes,Yes,NA
499,a499,1,1,1,1,Female,Urban_area,"	26","	4000",shandong,Yes,No,Yes,Yes,No,NA,Yes,NA
500,a500,0,0,0,0,Male,Rural_area,"	48","	300",shanxi,NA,NA,NA,NA,NA,No,NA,No
